file_name,abstimmungstag,polarity,subjectivity
18730518_Amtsblatt.pdf,1873.05.18,0.002231087470449173,0.0002955082742316785
18930820_Amtsblatt.pdf,1893.08.20,0.010753931544865862,0.01267345050878816
20110213_Bundesrat.pdf,2011.02.13,0.09390096618357485,0.036231884057971016
20100926_Bundesrat.pdf,2010.09.26,0.03975563909774435,0.020676691729323307
19900923_Bundesrat.pdf,1990.09.23,0.0,0.0
19831204_Bundesrat.pdf,1983.12.04,0.17471264367816086,0.05517241379310345
19990207_Bundesrat.pdf,1999.02.07,0.07567869415807559,0.06512027491408934
19020427_Amtsblatt.pdf,1902.04.27,0.006436612824278023,0.0014684287812041115
20030518_Bundesrat.pdf,2003.05.18,0.05747184684684695,0.04816066066066066
18790504_Amtsblatt.pdf,1879.05.04,0.007484076433121019,0.0
18830527_Amtsblatt.pdf,1883.05.27,0.017305871212121213,0.0062689393939393935
20070617_Bundesrat.pdf,2007.06.17,0.034472104519774,0.032132768361581916
19620121_Volksabstimmung.pdf,1962.01.21,0.0003412969283276378,0.0
19970928_Zeitung.pdf,1997.09.28,0.11021355617455898,0.022098421541318476
19501203_Volksabstimmung.pdf,1950.12.03,0.003283302063789869,0.0
20090517_Zeitung.pdf,2009.05.17,0.06899999999999999,0.036
19761205_Volksabstimmung.pdf,1976.12.05,0.025055555555555557,0.016111111111111114
19340708_Volksabstimmung.pdf,1934.07.08,0.02421875,0.010298295454545454
19691130_Volksabstimmung.pdf,1969.11.30,0.028836438923395453,0.015486542443064182
20040924_Bundesrat.pdf,2004.09.24,0.14332175925925938,0.029166666666666667
20090517_Bundesrat.pdf,2009.05.17,0.10919999999999996,0.020722222222222222
18880715_Volksabstimmung.pdf,1888.07.15,0.03864311315924218,0.02462877624167947
19661016_Volksabstimmung.pdf,1966.10.16,0.01739894551845342,0.0035149384885764497
19091212_Amtsblatt.pdf,1909.12.12,0.01331987891019171,0.002993609149007736
19701115_Volksabstimmung.pdf,1970.11.15,0.12048138056312449,0.034968210717529515
19651003_Volksabstimmung.pdf,1965.10.03,0.020177451718083796,0.017231000752445443
18980703_Volksabstimmung.pdf,1898.07.03,0.07959047619047628,0.03641269841269841
19720604_Volksabstimmung.pdf,1972.06.04,0.05267543859649122,0.01649122807017544
19931128_Zeitung.pdf,1993.11.28,0.08063012677106636,0.029455630126771066
19660206_Volksabstimmung.pdf,1966.02.06,0.03586242912563418,0.01628767532079976
19830227_Bundesrat.pdf,1983.02.27,0.1009090909090909,0.04141414141414141
20020113_Zeitung.pdf,2002.01.13,0.05783687943262411,0.034278959810874705
19330423_Volksabstimmung.pdf,1933.04.23,0.026486280487804867,0.0063008130081300805
18750627_Amtsblatt.pdf,1875.06.27,0.017675466838377323,0.00128783000643915
19251206_Volksabstimmung.pdf,1925.12.06,0.00836187214611872,0.01204337899543379
19470928_Volksabstimmung.pdf,1947.09.28,-0.0020305034913634694,0.005880191106210951
19930606_Zeitung.pdf,1993.06.06,0.10387359836901122,0.04607543323139653
18951222_Amtsblatt.pdf,1895.12.22,0.013677336276674019,0.012522075055187636
20040926_Zeitung.pdf,2004.09.26,0.05449134199134199,0.020923520923520927
20021124_Zeitung.pdf,2002.11.24,0.13733552631578952,0.028289473684210528
19251206_Amtsblatt.pdf,1925.12.06,0.002599909173478655,0.0044277929155313355
19871206_Volksabstimmung.pdf,1987.12.06,-0.125,0.0
19860928_Bundesrat.pdf,1986.09.28,0.08966244725738391,0.04746835443037975
19960922_Zeitung.pdf,1996.09.22,0.10393454038997213,0.01624883936861653
19860316_Volksabstimmung.pdf,1986.03.16,0.011639344262295072,0.0
19900401_Volksabstimmung.pdf,1990.04.01,0.08254036908881211,0.00922722029988466
19021026_Volksabstimmung.pdf,1902.10.26,0.030171635049683825,0.00984643179765131
19110129_Amtsblatt.pdf,1911.01.29,0.017063200815494388,0.011406727828746181
19190928_Amtsblatt.pdf,1919.09.28,0.02978912601626016,0.007621951219512195
19790520_Volksabstimmung.pdf,1979.05.20,0.049093137254902004,0.029313725490196077
19890924_Zeitung.pdf,1989.09.24,0.07948859455481974,0.026416482707873435
18821126_Amtsblatt.pdf,1882.11.26,0.028663479052823314,0.004735883424408015
19321120_Volksabstimmung.pdf,1932.11.20,0.022537385431741434,0.011915098890496866
18970627_Volksabstimmung.pdf,1897.06.27,0.003862328463922087,0.028596724214254098
18770415_Volksabstimmung.pdf,1877.04.15,-0.009805555555555555,0.023
19390521_Volksabstimmung.pdf,1939.05.21,0.04678081474499951,0.012828568436485496
18850705_Amtsblatt.pdf,1885.07.05,0.023164849686157906,0.009018830525272546
20060521_Bundesrat.pdf,2006.05.21,0.1987268518518518,0.020833333333333332
19850922_Bundesrat.pdf,1985.09.22,0.0641103896103896,0.030129870129870128
20050925_Zeitung.pdf,2005.09.25,0.05734265734265735,0.04289044289044289
19950312_Zeitung.pdf,1995.03.12,0.06618806306306309,0.033671171171171174
19541205_Volksabstimmung.pdf,1954.12.05,0.017000242600679276,0.01118389131489568
19830227_Zeitung.pdf,1983.02.27,0.09644163150492258,0.04430379746835443
19050430_Volksabstimmung.pdf,1905.04.30,0.13359803921568625,0.04
19901202_Volksabstimmung.pdf,1990.12.02,-0.045220220220220216,0.013013013013013013
19490911_Volksabstimmung.pdf,1949.09.11,0.04066985645933013,0.014354066985645933
19220219_Volksabstimmung.pdf,1922.02.19,0.05658678286129265,0.019317356572258533
19921206_Bundesrat.pdf,1992.12.06,0.0,0.0
18960531_Amtsblatt.pdf,1896.05.31,0.0028811856317508184,0.012597337352424015
18770415_Amtsblatt.pdf,1877.04.15,-0.008664349553128104,0.006934789804700431
18851025_Amtsblatt.pdf,1885.10.25,0.0049512987012987,0.002435064935064935
18940304_Volksabstimmung.pdf,1894.03.04,0.07518939393939394,0.005681818181818182
19910303_Zeitung.pdf,1991.03.03,0.04635416666666666,0.04967447916666667
18850329_Volksabstimmung.pdf,1885.03.29,0.09883074935400517,0.010981912144702842
19911208_Zeitung.pdf,1991.12.08,0.06973684210526315,0.015037593984962405
19271023_Amtsblatt.pdf,1927.10.23,-0.009569661365047527,0.010397860247408894
19330312_Volksabstimmung.pdf,1933.03.12,0.04158683473389355,0.011764705882352941
19881204_Volksabstimmung.pdf,1988.12.04,-0.05405405405405406,0.0
18700522_Volksabstimmung.pdf,1870.05.22,0.0,0.0
19690323_Volksabstimmung.pdf,1969.03.23,0.03071002578981308,0.020954223081882658
19800608_Volksabstimmung.pdf,1980.06.08,0.029158699808795412,0.011472275334608031
19121222_Amtsblatt.pdf,1912.12.22,0.03364025142220632,0.010192147034252298
20121125_Bundesrat.pdf,2012.11.25,-0.039590443686006824,0.00469283276450512
18710108_Volksabstimmung.pdf,1871.01.08,0.07985602094240836,0.016884816753926703
20030209_Zeitung.pdf,2003.02.09,0.09368794326241131,0.014184397163120569
18810327_Amtsblatt.pdf,1881.03.27,0.02782860147213459,0.012513144058885383
19131214_Volksabstimmung.pdf,1913.12.14,0.05395415472779369,0.01728748806112703
18750627_Volksabstimmung.pdf,1875.06.27,0.026577909270216946,0.0019723865877712033
19500604_Volksabstimmung.pdf,1950.06.04,0.004222720478325858,0.010214250124564025
19280520_Amtsblatt.pdf,1928.05.20,0.050169316843345135,0.01637220259128386
20101128_Bundesrat.pdf,2010.11.28,-0.030796432964329636,0.023124231242312422
19830904_Zeitung.pdf,1983.09.04,0.17456730769230777,0.028076923076923072
19110402_Amtsblatt.pdf,1911.04.02,0.01705729166666666,0.0026041666666666665
19580126_Volksabstimmung.pdf,1958.01.26,0.00909090909090909,0.0029013539651837525
19901202_Zeitung.pdf,1990.12.02,0.008237327188940095,0.03778801843317972
18871030_Volksabstimmung.pdf,1887.10.30,0.07710622710622711,0.025641025641025637
19640705_Volksabstimmung.pdf,1964.07.05,0.006171950048030737,0.008069164265129682
19530201_Volksabstimmung.pdf,1953.02.01,0.025457253706526253,0.011454436284698166
20130303_Bundesrat.pdf,2013.03.03,0.13990147783251236,0.06133004926108374
19560708_Volksabstimmung.pdf,1956.07.08,-0.003283639143730892,0.014029051987767585
19961201_Bundesrat.pdf,1996.12.01,0.0,0.0
19230318_Amtsblatt.pdf,1923.03.18,0.005675366300366299,0.011103479853479854
20021124_Bundesrat.pdf,2002.11.24,0.03541597106288257,0.018085698386199223
19820606_Bundesrat.pdf,1982.06.06,-0.0678814002089864,0.024320794148380353
19861207_Bundesrat.pdf,1986.12.07,0.03028571428571429,0.025714285714285714
19070728_Amtsblatt.pdf,1907.07.28,0.0013434260774686298,0.013338788870703762
19821128_Zeitung.pdf,1982.11.28,0.001178451178451181,0.04494949494949494
19061209_Amtsblatt.pdf,1906.12.09,0.019999999999999997,0.000970873786407767
20040516_Bundesrat.pdf,2004.05.16,0.021335662009314693,0.027411842980705262
19200208_Amtsblatt.pdf,1920.02.08,0.014125077017868148,0.01139864448552064
19840923_Volksabstimmung.pdf,1984.09.23,0.013404825737265416,0.002680965147453083
20070311_Bundesrat.pdf,2007.03.11,0.08270114942528732,0.06551724137931035
18920508_Amtsblatt.pdf,1892.05.08,0.012608517608517607,0.0
19460505_Volksabstimmung.pdf,1946.05.05,0.04472620184654573,0.017032792104425345
19210904_Amtsblatt.pdf,1921.09.04,-0.0049369747899159705,0.009056956115779644
19290303_Amtsblatt.pdf,1929.03.03,0.005228758169934639,0.005941770647653
19750608_Volksabstimmung.pdf,1975.06.08,0.05313522012578614,0.03207547169811321
19210130_Volksabstimmung.pdf,1921.01.30,0.07948161189358373,0.020735524256651018
19560513_Volksabstimmung.pdf,1956.05.13,0.01985319516407598,0.0153713298791019
19481219_Volksabstimmung.pdf,1948.12.19,0.01878398159765788,0.01961522375575073
19250524_Volksabstimmung.pdf,1925.05.24,0.017815764482431145,0.023029439696106366
19060422_Volksabstimmung.pdf,1906.04.22,0.01569776714513556,0.031323763955342906
19500129_Volksabstimmung.pdf,1950.01.29,0.013349593495934961,0.002981029810298103
19180922_Volksabstimmung.pdf,1918.09.22,0.02662479690038745,0.037526559180102496
20170924_Zeitung.pdf,2017.09.24,0.09548593350383637,0.03358908780903666
19801130_Volksabstimmung.pdf,1980.11.30,-0.001018518518518515,0.014074074074074074
18900629_Volksabstimmung.pdf,1890.06.29,0.050520282186948845,0.03156966490299823
19020427_Volksabstimmung.pdf,1902.04.27,0.03647619047619048,0.005714285714285714
19680630_Volksabstimmung.pdf,1968.06.30,0.05007987220447281,0.010649627263045792
19550703_Volksabstimmung.pdf,1955.07.03,0.02261611179613645,0.0069050554870530205
19520302_Volksabstimmung.pdf,1952.03.02,0.0012009373169302874,0.0076157000585823096
20160605_Bundesrat.pdf,2016.06.05,0.05633877304321552,0.03788153520701118
18741129_Amtsblatt.pdf,1874.11.29,0.0025203036723163838,0.003001412429378531
18780210_Amtsblatt.pdf,1878.02.10,0.031725423134262916,0.01469569411558362
19860928_Zeitung.pdf,1986.09.28,0.09786601836844955,0.007293354943273906
19130413_Volksabstimmung.pdf,1913.04.13,0.02054669887278582,0.011529790660225444
20120923_Zeitung.pdf,2012.09.23,0.1512176560121766,0.031659056316590564
19201212_Amtsblatt.pdf,1920.12.12,0.014358974358974359,0.006153846153846154
19550313_Volksabstimmung.pdf,1955.03.13,0.008320969337289813,0.014688427299703263
19820425_Volksabstimmung.pdf,1982.04.25,0.0395171339563863,0.015887850467289723
19880306_Zeitung.pdf,1988.03.06,0.06191910499139418,0.037205966724039016
20180923_Bundesrat.pdf,2018.09.23,0.20761176470588252,0.028627450980392155
19830619_Zeitung.pdf,1983.06.19,0.10501841620626151,0.016620626151012893
19210522_Amtsblatt.pdf,1921.05.22,0.010180995475113122,0.0022624434389140274
19840923_Zeitung.pdf,1984.09.23,0.07753019323671496,0.03816425120772947
19260418_Amtsblatt.pdf,1926.04.18,0.023453608247422677,0.005670103092783505
18380204_Volksabstimmung.pdf,1838.02.04,0.00718562874251497,0.0
19831204_Volksabstimmung.pdf,1983.12.04,-0.006593108788230738,0.0016260162601626016
19220924_Amtsblatt.pdf,1922.09.24,0.006007130124777185,0.013903743315508022
19021026_Amtsblatt.pdf,1902.10.26,0.015315315315315312,0.005776364599894011
19420503_Volksabstimmung.pdf,1942.05.03,0.030095628415300543,0.005191256830601092
20000924_Bundesrat.pdf,2000.09.24,0.09854892205638478,0.06633499170812603
19230318_Volksabstimmung.pdf,1923.03.18,0.016094459582197993,0.024069028156221618
18310310_Volksabstimmung.pdf,1831.03.10,0.1086392405063291,0.004430379746835442
18731214_Volksabstimmung.pdf,1873.12.14,0.012575924903368304,0.009515921222160868
19400616_Volksabstimmung.pdf,1940.06.16,-0.08287937743190661,0.0
18870904_Volksabstimmung.pdf,1887.09.04,0.08952991452991453,0.04871794871794872
20151122_Zeitung.pdf,2015.11.22,0.09731543624161071,0.042505592841163314
18691107_Volksabstimmung.pdf,1869.11.07,-0.014244186046511629,0.011627906976744186
19890305_Zeitung.pdf,1989.03.05,0.04144144144144144,0.05855855855855856
19020316_Volksabstimmung.pdf,1902.03.16,0.05063805104408353,0.018716163959783448
19710207_Volksabstimmung.pdf,1971.02.07,0.0875634417129263,0.020076658736452552
19940925_Zeitung.pdf,1994.09.25,0.09905378486055784,0.029681274900398406
19980315_Zeitung.pdf,1998.03.15,0.15482866043613708,0.036214953271028034
19830619_Volksabstimmung.pdf,1983.06.19,-0.080355871886121,0.005338078291814947
19210522_Volksabstimmung.pdf,1921.05.22,0.06914893617021277,0.010638297872340425
19240831_Volksabstimmung.pdf,1924.08.31,-0.07346153846153847,0.06153846153846154
19391203_Volksabstimmung.pdf,1939.12.03,-0.0032039433148490447,0.0
19870208_Zeitung.pdf,1987.02.08,0.046715927750410495,0.019704433497536946
18951103_Amtsblatt.pdf,1895.11.03,0.02728163493840984,0.012411347517730495
19740630_Volksabstimmung.pdf,1974.06.30,0.034911158493248086,0.02490405117270789
19490703_Volksabstimmung.pdf,1949.07.03,0.010972222222222222,0.003864734299516908
19710926_Volksabstimmung.pdf,1971.09.26,0.030824125230202577,0.01685082872928177
19160305_Volksabstimmung.pdf,1916.03.05,0.05811762034514081,0.019709355131698456
19791202_Volksabstimmung.pdf,1979.12.02,-0.00846153846153846,0.015384615384615385
18851206_Volksabstimmung.pdf,1885.12.06,0.05071428571428571,0.03214285714285714
19961201_Zeitung.pdf,1996.12.01,0.08296617161716173,0.041419141914191424
19501001_Volksabstimmung.pdf,1950.10.01,0.01775921165381318,0.013667523564695801
19580608_Volksabstimmung.pdf,1958.06.08,0.04768443726440497,0.019036079698438343
19560304_Volksabstimmung.pdf,1956.03.04,0.015224895397489524,0.010285913528591354
19010602_Amtsblatt.pdf,1901.06.02,0.032766717713118926,0.010974987238386932
19080315_Amtsblatt.pdf,1908.03.15,0.02550210304942166,0.012092534174553103
19220924_Volksabstimmung.pdf,1922.09.24,0.017981927710843375,0.027068273092369477
18861017_Volksabstimmung.pdf,1886.10.17,0.031798245614035096,0.02368421052631579
19211211_Amtsblatt.pdf,1921.12.11,0.016128660743665688,0.027212898979927604
19380703_Volksabstimmung.pdf,1938.07.03,0.057497189432265325,0.01405283867341203
19881204_Zeitung.pdf,1988.12.04,0.10803437967115091,0.02242152466367713
18890505_Amtsblatt.pdf,1889.05.05,0.0011594202898550735,0.0007246376811594203
18930423_Volksabstimmung.pdf,1893.04.23,0.05113528292914885,0.027532097004279603
19770313_Volksabstimmung.pdf,1977.03.13,0.06581401766004422,0.02872516556291391
20011202_Zeitung.pdf,2001.12.02,0.06675531914893616,0.031914893617021274
19861207_Zeitung.pdf,1986.12.07,0.12264583333333332,0.021249999999999998
19211211_Volksabstimmung.pdf,1921.12.11,0.04586410984848484,0.03768939393939394
20160925_Bundesrat.pdf,2016.09.25,0.04008608423449066,0.026809428950863214
20071125_Zeitung.pdf,2007.11.25,0.06544999999999998,0.0494
19220402_Amtsblatt.pdf,1922.04.02,0.02746863066012001,0.008783415166393891
19850609_Zeitung.pdf,1985.06.09,0.07647076552139846,0.02875226039783002
18780210_Volksabstimmung.pdf,1878.02.10,0.12878787878787878,0.036969696969696965
20140928_Bundesrat.pdf,2014.09.28,0.09718697123519458,0.04145516074450084
18991217_Amtsblatt.pdf,1899.12.17,0.05631925726265351,0.015992812219227315
18740614_Volksabstimmung.pdf,1874.06.14,0.16981751824817518,0.017639902676399026
19891126_Bundesrat_f.pdf,1989.11.26,0.0,0.0
20000312_Bundesrat.pdf,2000.03.12,0.06443949517446176,0.04691907943578323
19480613_Volksabstimmung.pdf,1948.06.13,0.013908450704225353,0.0022007042253521128
18810612_Volksabstimmung.pdf,1881.06.12,0.04054042696251469,0.0020171457387796266
19980927_Zeitung.pdf,1998.09.27,0.13046922608165762,0.04478976234003656
19510708_Volksabstimmung.pdf,1951.07.08,0.019396877486077976,0.01444510739856802
19430926_Volksabstimmung.pdf,1943.09.26,0.009673674434312735,0.011837217156366094
19850310_Volksabstimmung.pdf,1985.03.10,0.0072062841530054645,0.011441256830601092
18721027_Volksabstimmung.pdf,1872.10.27,0.11944444444444444,0.0
18810612_Amtsblatt.pdf,1881.06.12,0.020165257494235193,0.0010248526774276198
19210130_Amtsblatt.pdf,1921.01.30,0.05160366096299246,0.00882079851439183
19050625_Amtsblatt.pdf,1905.06.25,0.01259086188992731,0.008696780893042577
19190504_Volksabstimmung.pdf,1919.05.04,0.0,0.0
20050227_Zeitung.pdf,2005.02.27,-0.010696517412935327,0.04477611940298507
20060924_Bundesrat.pdf,2006.09.24,0.03606071045781662,0.015112540192926046
19760613_Volksabstimmung.pdf,1976.06.13,0.023382235186456206,0.015374056280027455
20081130_Zeitung.pdf,2008.11.30,0.10365881032547707,0.03813131313131313
19410706_Volksabstimmung.pdf,1941.07.06,-0.004137500000000001,0.015545833333333332
19910602_Zeitung.pdf,1991.06.02,0.059179620034542295,0.05064766839378239
20010610_Bundesrat.pdf,2001.06.10,0.14525691699604742,0.0466403162055336
19380220_Volksabstimmung.pdf,1938.02.20,0.02513904338153504,0.005042639970337412
19311206_Volksabstimmung.pdf,1931.12.06,0.013352883675464321,0.023786249592701206
18990611_Amtsblatt.pdf,1899.06.11,0.009212495323606433,0.010475121586232696
19790520_Bundesrat.pdf,1979.05.20,0.023202614379084965,0.036601307189542485
19920216_Zeitung.pdf,1992.02.16,0.08671875,0.015625
20070617_Zeitung.pdf,2007.06.17,0.09838624338624337,0.05883597883597884
19890604_Bundesrat.pdf,1989.06.04,0.12499999999999999,0.04741379310344827
18721222_Volksabstimmung.pdf,1872.12.22,0.026241134751773056,0.010638297872340425
19910303_Volksabstimmung.pdf,1991.03.03,-0.056247827598192565,0.0018248175182481751
18721027_Amtsblatt.pdf,1872.10.27,-0.0012376237623762376,0.0
19120929_Amtsblatt.pdf,1912.09.29,0.023253437383872155,0.029635823114083984
19891126_Zeitung.pdf,1989.11.26,0.06648499210110588,0.029423380726698267
19920927_Bundesrat.pdf,1992.09.27,0.0,0.0
19180922_Amtsblatt.pdf,1918.09.22,0.012912769274376417,0.021772250566893428
19890305_Volksabstimmung.pdf,1989.03.05,0.033722741433021806,0.010903426791277258
19520518_Volksabstimmung.pdf,1952.05.18,0.036953955135773334,0.00306965761511216
19490220_Volksabstimmung.pdf,1949.02.20,-0.0038904899135446687,0.001440922190201729
19050625_Volksabstimmung.pdf,1905.06.25,0.08695652173913043,0.05173913043478261
20090208_Zeitung.pdf,2009.02.08,0.06699186991869917,0.06036585365853658
19870906_Zeitung.pdf,1987.09.06,0.06363917525773194,0.028865979381443304
19260418_Volksabstimmung.pdf,1926.04.18,0.11314102564102564,0.021153846153846155
20051127_Zeitung.pdf,2005.11.27,0.16579710144927534,0.017391304347826087
19271211_Amtsblatt.pdf,1927.12.11,0.03144736842105263,0.020325814536340855
19160305_Amtsblatt.pdf,1916.03.05,0.03527944111776449,0.013088109495295125
19800928_Volksabstimmung.pdf,1980.09.28,0.007548739895387533,0.024904897765097477
19990207_Zeitung.pdf,1999.02.07,0.023347701149425297,0.0028735632183908046
18511123_Volksabstimmung.pdf,1851.11.23,0.015217391304347825,0.0
18680126_Volksabstimmung.pdf,1868.01.26,0.0,0.0
19841202_Volksabstimmung.pdf,1984.12.02,0.013169398907103827,0.01639344262295082
19600904_Volksabstimmung.pdf,1960.09.04,-0.014827935222672065,0.011898335582546108
19050430_Amtsblatt.pdf,1905.04.30,0.017759792166266986,0.00815347721822542
19531206_Volksabstimmung.pdf,1953.12.06,-0.00030413625304136145,0.009017639902676398
19260606_Volksabstimmung.pdf,1926.06.06,0.07623065553816721,0.02114414884367936
19510225_Volksabstimmung.pdf,1951.02.25,-0.00614102564102564,0.011538461538461539
19630707_Volksabstimmung.pdf,1963.07.07,0.03523212898212903,0.01451048951048951
20140209_Bundesrat.pdf,2014.02.09,0.09139577594123044,0.05482093663911846
18740614_Amtsblatt.pdf,1874.06.14,0.03175207418252805,0.00636896046852123
19930307_Zeitung.pdf,1993.03.07,0.12406716417910445,0.04664179104477612
19310208_Volksabstimmung.pdf,1931.02.08,0.009618794326241133,0.01959219858156029
20180610_Bundesrat.pdf,2018.06.10,0.03324307423663221,0.013379583746283449
18741129_Volksabstimmung.pdf,1874.11.29,0.03415736001240887,0.030246626337831553
20040208_Bundesrat.pdf,2004.02.08,0.008695833333333316,0.048875
19880612_Volksabstimmung.pdf,1988.06.12,-0.013194444444444446,0.006944444444444444
18711029_Volksabstimmung.pdf,1871.10.29,0.01856547216587784,0.009015100292990762
19821128_Bundesrat.pdf,1982.11.28,0.04057239057239057,0.030303030303030304
18841207_Amtsblatt.pdf,1884.12.07,0.0019230769230769227,0.0
18900629_Amtsblatt.pdf,1890.06.29,0.00680888223552894,0.008932135728542913
19700426_Volksabstimmung.pdf,1970.04.26,0.021581196581196557,0.010012210012210011
18910809_Volksabstimmung.pdf,1891.08.09,0.05087517934002869,0.04560019129603061
19860608_Zeitung.pdf,1986.06.08,0.029820736434108538,0.03168604651162791
18940617_Amtsblatt.pdf,1894.06.17,-0.008794559099437145,0.00802063789868668
19700705_Volksabstimmung.pdf,1970.07.05,0.04359560723514208,0.018475452196382428
20000924_Zeitung.pdf,2000.09.24,0.06285956006768187,0.03680203045685279
20080928_Zeitung.pdf,2008.09.28,0.1280660377358491,0.02012578616352201
19921206_Zeitung.pdf,1992.12.06,0.08267195767195766,0.042328042328042326
20061126_Zeitung.pdf,2006.11.26,0.10815972222222218,0.041666666666666664
18981113_Volksabstimmung.pdf,1898.11.13,0.03375407697325505,0.005740378343118069
18780519_Amtsblatt.pdf,1878.05.19,0.04258571933545423,0.0019088016967126194
18711029_Amtsblatt.pdf,1871.10.29,0.0,0.0035149384885764497
18850329_Amtsblatt.pdf,1885.03.29,0.02398318983189832,0.003485034850348503
19720924_Volksabstimmung.pdf,1972.09.24,0.025849271402550087,0.033925318761384333
19781203_Bundesrat.pdf,1978.12.03,0.01961088154269971,0.018336776859504134
20130609_Zeitung.pdf,2013.06.09,0.033706597222222225,0.038411458333333336
19950312_Bundesrat.pdf,1995.03.12,0.0,0.0
19790218_Volksabstimmung.pdf,1979.02.18,0.03383084577114428,0.012473347547974413
19711205_Volksabstimmung.pdf,1971.12.05,0.052703306523681874,0.018498659517426276
19390122_Volksabstimmung.pdf,1939.01.22,0.012282502443792764,0.01673998044965787
18810327_Volksabstimmung.pdf,1881.03.27,0.14255589430894305,0.04359756097560976
19661120_Volksabstimmung.pdf,1966.11.20,0.035810209889718995,0.022572038420490926
20120311_Zeitung.pdf,2012.03.11,0.0326463560334528,0.0425925925925926
19820926_Zeitung.pdf,1982.09.26,0.07764336917562728,0.023626045400238948
19670702_Volksabstimmung.pdf,1967.07.02,0.035540398740818505,0.015136411332633787
19840520_Bundesrat.pdf,1984.05.20,0.004526226734348559,0.052791878172588826
19920216_Bundesrat.pdf,1992.02.16,0.0,0.0
19361213_Volksabstimmung.pdf,1936.12.13,0.003948098806550097,0.007771301693033582
19751207_Volksabstimmung.pdf,1975.12.07,0.02653799600042101,0.017803389116935055
20110212_Zeitung.pdf,2011.02.12,0.1159203980099502,0.05087064676616916
19740317_Volksabstimmung.pdf,1974.03.17,0.06869565217391303,0.025905797101449277
19271023_Volksabstimmung.pdf,1927.10.23,0.040877564464520955,0.02476943346508564
19350602_Volksabstimmung.pdf,1935.06.02,0.003540559688274888,0.008129649309245484
19300914_Volksabstimmung.pdf,1930.09.14,0.07497002398081531,0.015587529976019187
19910901_Volksabstimmung.pdf,1991.09.01,0.012149805447470817,0.008171206225680934
18990611_Volksabstimmung.pdf,1899.06.11,0.024294729027468445,0.02078693392724573
18941223_Volksabstimmung.pdf,1894.12.23,0.0,0.0
19290929_Volksabstimmung.pdf,1929.09.29,-0.02053728070175439,0.04087719298245614
20090927_Zeitung.pdf,2009.09.27,-0.020068027210884347,0.07040816326530612
19410914_Volksabstimmung.pdf,1941.09.14,0.0394045944678856,0.01683075480543835
18930820_Volksabstimmung.pdf,1893.08.20,0.027222222222222217,0.02341880341880342
19500326_Volksabstimmung.pdf,1950.03.26,0.005727699530516431,0.015211267605633804
19960609_Bundesrat.pdf,1996.06.09,0.0,0.0
19880925_Volksabstimmung.pdf,1988.09.25,-0.04878048780487805,0.1951219512195122
19121222_Volksabstimmung.pdf,1912.12.22,0.05719325450668736,0.026449570330167343
18721222_Amtsblatt.pdf,1872.12.22,-0.003236245954692557,0.0048543689320388345
19900923_Volksabstimmung.pdf,1990.09.23,-0.015346534653465348,0.012651265126512651
19090418_Amtsblatt.pdf,1909.04.18,-0.0021546261089987317,0.005133079847908745
19690601_Volksabstimmung.pdf,1969.06.01,0.053027867095391305,0.02599142550911039
19040131_Volksabstimmung.pdf,1904.01.31,-0.027365023474178414,0.055868544600938964
20000521_Bundesrat.pdf,2000.05.21,0.11814068100358419,0.033154121863799284
19890604_Zeitung.pdf,1989.06.04,0.056288156288156276,0.011599511599511598
20140209_Zeitung.pdf,2014.02.09,0.08321596244131456,0.035211267605633804
19590315_Volksabstimmung.pdf,1959.03.15,-0.00792722547108513,0.013482781026640677
19110924_Amtsblatt.pdf,1911.09.24,0.04287386596429619,0.016959321041849575
20080601_Bundesrat.pdf,2008.06.01,0.14813417190775688,0.04947589098532495
19850310_Bundesrat.pdf,1985.03.10,0.05699074074074073,0.06666666666666667
20080224_Bundesrat.pdf,2008.02.24,0.045722057368941645,0.03971315529179031
19070728_Volksabstimmung.pdf,1907.07.28,0.009286042240587693,0.021074380165289255
19040131_Amtsblatt.pdf,1904.01.31,-0.00876699293094073,0.012805872756933115
19620401_Volksabstimmung.pdf,1962.04.01,0.03694412219644238,0.011987625676720804
20130922_Bundesrat.pdf,2013.09.22,0.019222600681226155,0.0167601683029453
19471130_Volksabstimmung.pdf,1947.11.30,0.03534744268077603,0.019058201058201055
18790504_Volksabstimmung.pdf,1879.05.04,0.05708758503401361,0.034178949357520784
19620527_Volksabstimmung.pdf,1962.05.27,0.01134312126155519,0.009733550842849374
19010324_Amtsblatt.pdf,1901.03.24,0.01865867809166778,0.012821886017762308
20040516_Zeitung.pdf,2004.05.16,0.05186170212765955,0.03546099290780142
19880612_Zeitung.pdf,1988.06.12,0.1691032608695652,0.014402173913043478
20050605_Zeitung.pdf,2005.06.05,0.1482658959537573,0.04210019267822736
19350407_Volksabstimmung.pdf,1935.04.07,-0.002377537080405928,0.01347189695550351
19710606_Volksabstimmung.pdf,1971.06.06,0.0700668238993712,0.027578616352201258
19250426_Amtsblatt.pdf,1925.04.26,0.004480737018425461,0.006365159128978224
18820521_Volksabstimmung.pdf,1882.05.21,0.08108818770226539,0.018810679611650484
19760321_Volksabstimmung.pdf,1976.03.21,0.0515722307299643,0.039178152118427775
19410309_Volksabstimmung.pdf,1941.03.09,-0.02961409395973155,0.013478747203579418
18821126_Volksabstimmung.pdf,1882.11.26,0.06105200945626476,0.004137115839243499
20011202_Bundesrat.pdf,2001.12.02,0.09218189964157707,0.04934289127837515
19221203_Volksabstimmung.pdf,1922.12.03,0.07443304535637149,0.01900647948164147
19730304_Volksabstimmung.pdf,1973.03.04,0.014349733028222728,0.022540045766590393
19930926_Zeitung.pdf,1993.09.26,0.04334226988382482,0.036014298480786425
20100307_Bundesrat.pdf,2010.03.07,0.12076023391812865,0.04327485380116959
18991217_Volksabstimmung.pdf,1899.12.17,0.09341778440139098,0.026527570789865874
18970627_Amtsblatt.pdf,1897.06.27,0.0007046806309800865,0.01670545642617016
19470323_Volksabstimmung.pdf,1947.03.23,0.02445494186046511,0.00944767441860465
19570407_Volksabstimmung.pdf,1957.04.07,0.014094107299912045,0.006596306068601583
19041127_Volksabstimmung.pdf,1904.11.27,0.030245514636449485,0.02171860245514636
19900401_Bundesrat.pdf,1990.04.01,0.0,0.0
19900610_Volksabstimmung.pdf,1990.06.10,-0.216796875,0.0
19230218_Amtsblatt.pdf,1923.02.18,0.01695499904049127,0.022030320475916333
19080426_Amtsblatt.pdf,1908.04.26,-0.003700466200466203,0.00270979020979021
19860316_Zeitung.pdf,1986.03.16,0.030033200531208483,0.027921646746347947
19840520_Volksabstimmung.pdf,1984.05.20,-0.011629353233830844,0.0
19190504_Amtsblatt.pdf,1919.05.04,0.0005183126561028466,0.009293493837775866
19171125_Volksabstimmung.pdf,1917.11.25,0.021423001949317736,0.02702589807852965
18960531_Volksabstimmung.pdf,1896.05.31,0.013717786227291934,0.02118715673848754
19970608_Zeitung.pdf,1997.06.08,0.05455974842767296,0.037286612758310876
19220402_Volksabstimmung.pdf,1922.04.02,0.04670231729055258,0.011675579322638147
19360614_Volksabstimmung.pdf,1936.06.14,0.004044885177453023,0.005880306193458594
18910809_Amtsblatt.pdf,1891.08.09,0.020582053354890866,0.026502290487739152
19540321_Volksabstimmung.pdf,1954.03.21,0.008409977703455964,0.012374581939799331
19540207_Volksabstimmung.pdf,1954.02.07,0.002128582202111609,0.021870286576168928
20051127_Bundesrat.pdf,2005.11.27,0.1176494565217391,0.05615942028985508
19960310_Zeitung.pdf,1996.03.10,0.04289351851851852,0.006944444444444444
19571124_Volksabstimmung.pdf,1957.11.24,0.02455406911928651,0.006465997770345597
19370606_Volksabstimmung.pdf,1937.06.06,0.0012824040107605708,0.008070432868672048
19740922_Volksabstimmung.pdf,1974.09.22,0.012521097046413502,0.02080168776371308
20001126_Bundesrat.pdf,2000.11.26,0.05361067297581489,0.05598054679284963
19780402_Volksabstimmung.pdf,1978.04.02,0.031420581655480964,0.019630872483221474
19631208_Volksabstimmung.pdf,1963.12.08,0.011211211211211203,0.0007507507507507507
19490403_Volksabstimmung.pdf,1949.04.03,0.03239025297619047,0.012734375000000004
19200208_Volksabstimmung.pdf,1920.02.08,0.04052511415525113,0.02359208523592085
19880612_Bundesrat.pdf,1988.06.12,0.08921985815602834,0.036170212765957444
19611022_Volksabstimmung.pdf,1961.10.22,0.01261146496815286,0.006050955414012739
19841202_Bundesrat.pdf,1984.12.02,0.13077956989247308,0.03844086021505377
19910602_Volksabstimmung.pdf,1991.06.02,0.023795027904616944,0.00989345509893455
19930926_Bundesrat.pdf,1993.09.26,0.0,0.0
18930423_Amtsblatt.pdf,1893.04.23,0.022731442280553214,0.020406435224386118
19850609_Volksabstimmung.pdf,1985.06.09,0.06073323685479979,0.00824891461649783
19590201_Volksabstimmung.pdf,1959.02.01,0.03328825347758888,0.01617722823286966
19601204_Volksabstimmung.pdf,1960.12.04,0.02360221937686726,0.012505335040546309
19620708_Volksabstimmung.pdf,1962.07.08,0.04096910405953429,0.012393912788996198
19450121_Volksabstimmung.pdf,1945.01.21,0.03289171203871747,0.010889292196007259
19040515_Amtsblatt.pdf,1904.05.15,0.012712895377128953,0.002889294403892944
19810614_Volksabstimmung.pdf,1981.06.14,0.06675063775510215,0.013526785714285715
19890604_Volksabstimmung.pdf,1989.06.04,-0.22282608695652173,0.0
18800613_Amtsblatt.pdf,1880.06.13,-0.001718213058419244,0.0
19940220_Bundesrat.pdf,1994.02.20,0.0,0.0
20160228_Bundesrat.pdf,2016.02.28,0.004696449026345934,0.04398625429553264
19940612_Bundesrat.pdf,1994.06.12,0.0,0.0
18871030_Amtsblatt.pdf,1887.10.30,0.008284169124877089,0.0034414945919370695
19801130_Bundesrat.pdf,1980.11.30,0.004890219560878247,0.08183632734530939
19341216_Volksabstimmung.pdf,1934.12.16,0.015986394557823132,0.014603174603174604
19730520_Volksabstimmung.pdf,1973.05.20,0.07399572649572658,0.015018315018315017
18720414_Volksabstimmung.pdf,1872.04.14,-0.056910569105691054,0.056910569105691054
19700927_Volksabstimmung.pdf,1970.09.27,0.034938565200158526,0.02413793103448276
19900401_Zeitung.pdf,1990.04.01,0.10320366132723112,0.028413424866514114
18840525_Amtsblatt.pdf,1884.05.25,0.029421052631578938,0.0014035087719298245
18761210_Volksabstimmung.pdf,1876.12.10,0.02669130824372759,0.0023297491039426525
20160605_Zeitung.pdf,2016.06.05,0.2229166666666666,0.045454545454545456
20010304_Bundesrat.pdf,2001.03.04,0.07592975206611567,0.08236914600550965
20170924_Bundesrat.pdf,2017.09.24,0.04861198793490459,0.016666666666666666
19781203_Volksabstimmung.pdf,1978.12.03,0.05498903508771928,0.014802631578947368
18841207_Volksabstimmung.pdf,1884.12.07,0.047826086956521734,0.0
19130413_Amtsblatt.pdf,1913.04.13,0.011358764186633043,0.009485778338237355
19110129_Volksabstimmung.pdf,1911.01.29,0.0326605382360778,0.015840660804689582
19150606_Volksabstimmung.pdf,1915.06.06,0.04844961240310078,0.011627906976744186
19811129_Volksabstimmung.pdf,1981.11.29,0.06448263118994825,0.025498891352549888
19840226_Zeitung.pdf,1984.02.26,0.028888888888888884,0.011111111111111112
18791130_Volksabstimmung.pdf,1879.11.30,0.055069892473118345,0.023835125448028675
20090208_Bundesrat.pdf,2009.02.08,0.22032828282828298,0.01919191919191919
19190202_Volksabstimmung.pdf,1919.02.02,0.05307225738396624,0.023681434599156122
20180304_Bundesrat.pdf,2018.03.04,0.06847826086956517,0.03214756258234519
19891126_Bundesrat.pdf,1989.11.26,0.0,0.0
20111127_Zeitung.pdf,2011.11.27,0.07352941176470587,0.06568627450980391
20130609_Bundesrat.pdf,2013.06.09,0.07034671532846716,0.06995133819951338
18881209_Volksabstimmung.pdf,1888.12.09,0.042812704649639814,0.023804846103470854
19680922_Volksabstimmung.pdf,1968.09.22,0.0036419753086419757,0.014814814814814815
19240217_Volksabstimmung.pdf,1924.02.17,-0.025972222222222223,0.02592592592592593
19030830_Amtsblatt.pdf,1903.08.30,0.02317567567567566,0.017602217602217606
19940220_Zeitung.pdf,1994.02.20,0.059292035398230074,0.015634218289085546
18990820_Amtsblatt.pdf,1899.08.20,-0.004762872628726288,0.0016260162601626016
20110904_Zeitung.pdf,2011.09.04,0.1006487695749441,0.05037285607755406
19940612_Zeitung.pdf,1994.06.12,0.10688575899843504,0.048513302034428794
19670528_Volksabstimmung.pdf,1967.05.28,0.02742921492921492,0.015347490347490347
19190202_Amtsblatt.pdf,1919.02.02,0.03130458515283842,0.009516011644832604
19460526_Volksabstimmung.pdf,1946.05.26,0.007919488337095555,0.010082768999247555
19231125_Amtsblatt.pdf,1923.11.25,0.03413357400722021,0.0014440433212996391
19851201_Bundesrat.pdf,1985.12.01,0.06898148148148148,0.08101851851851852
19850922_Volksabstimmung.pdf,1985.09.22,-0.038461538461538464,0.0
18851206_Amtsblatt.pdf,1885.12.06,0.007132867132867132,0.006293706293706294
19541024_Volksabstimmung.pdf,1954.10.24,-0.02696399345335515,0.005073649754500818
20060521_Zeitung.pdf,2006.05.21,0.1506410256410257,0.04622132253711202
20150614_Bundesrat.pdf,2015.06.14,0.060042869092429944,0.04341279799247176
18940617_Volksabstimmung.pdf,1894.06.17,-0.01316705336426913,0.019837587006960557
19290512_Volksabstimmung.pdf,1929.05.12,0.010252119589468983,0.02545738509593931
18780428_Volksabstimmung.pdf,1878.04.28,0.0215311004784689,0.0
18791130_Amtsblatt.pdf,1879.11.30,0.03352892732139182,0.0037059913526868433
19810927_Volksabstimmung.pdf,1981.09.27,0.03797500690417017,0.018820767743717205
19510520_Volksabstimmung.pdf,1951.05.20,-0.01452682338758288,0.01128046155170929
19260912_Amtsblatt.pdf,1926.09.12,0.016935638808837652,0.014601344860710857
19850310_Zeitung.pdf,1985.03.10,0.04087659894657639,0.02784048156508653
19090418_Volksabstimmung.pdf,1909.04.18,-0.00359712230215827,0.04016786570743405
18780428_Amtsblatt.pdf,1878.04.28,0.004666666666666667,0.0026666666666666666
19020316_Amtsblatt.pdf,1902.03.16,0.014407191448007776,0.007839326206673145
19800302_Bundesrat.pdf,1980.03.02,0.05708333333333334,0.03125
19790218_Bundesrat.pdf,1979.02.18,0.045222929936305736,0.06475583864118896
18961025_Amtsblatt.pdf,1896.10.25,0.0114974501622624,0.005285118219749652
18850705_Volksabstimmung.pdf,1885.07.05,0.06832921810699587,0.022469135802469134
20170212_Bundesrat.pdf,2017.02.12,0.146182685753238,0.025221540558963872
19170826_Volksabstimmung.pdf,1917.08.26,-0.008978328173374617,0.027941176470588244
19931128_Bundesrat.pdf,1993.11.28,0.0,0.0
18651015_Volksabstimmung.pdf,1865.10.15,0.043840579710144933,0.013888888888888888
19171125_Amtsblatt.pdf,1917.11.25,0.013236668791162098,0.02152113872955173
19230218_Volksabstimmung.pdf,1923.02.18,0.034423076923076945,0.02966200466200466
19731202_Volksabstimmung.pdf,1973.12.02,0.05155476566614008,0.03209583991574513
18851025_Volksabstimmung.pdf,1885.10.25,0.020435393258426963,0.006320224719101123
19161210_Volksabstimmung.pdf,1916.12.10,-0.016981132075471694,0.08176100628930817
19551204_Volksabstimmung.pdf,1955.12.04,0.031141871288717732,0.02250521585620286
20140928_Zeitung.pdf,2014.09.28,0.2881856540084387,0.06518987341772152
18400816_Volksabstimmung.pdf,1840.08.16,0.01581920903954802,0.0
19131214_Amtsblatt.pdf,1913.12.14,0.016835832372164544,0.006958861976163014
19170826_Amtsblatt.pdf,1917.08.26,-0.006440953412784402,0.025514626218851567
19910602_Bundesrat.pdf,1991.06.02,0.0,0.0
20020922_Bundesrat.pdf,2002.09.22,0.11579916476841318,0.029916476841305998
19560408_Volksabstimmung.pdf,1956.04.08,0.05290661843515548,0.022266881028938902
19990613_Bundesrat.pdf,1999.06.13,0.025014090177133668,0.0192163177670424
20120923_Bundesrat.pdf,2012.09.23,0.14098573281452664,0.06277561608300908
18840525_Volksabstimmung.pdf,1884.05.25,0.06726315789473683,0.002807017543859649
20050605_Bundesrat.pdf,2005.06.05,0.03485895627644569,0.020451339915373765
20000312_Zeitung.pdf,2000.03.12,0.07844478216818641,0.026849037487335355
19250426_Volksabstimmung.pdf,1925.04.26,0.00045045045045045187,0.03423423423423423
18950519_Amtsblatt.pdf,1895.05.19,0.024173280423280423,0.024007936507936506
18940304_Amtsblatt.pdf,1894.03.04,0.008673191952147908,0.0008156606851549756
19271211_Volksabstimmung.pdf,1927.12.11,0.038469529085872575,0.019852262234533704
19810614_Bundesrat.pdf,1981.06.14,0.13676122931442075,0.02127659574468085
20110515_Zeitung.pdf,2011.05.15,0.08648399014778337,0.04041461412151067
19860928_Volksabstimmung.pdf,1986.09.28,-0.009822804314329737,0.002054442732408834
19010324_Volksabstimmung.pdf,1901.03.24,0.053284771334276275,0.027090994813767092
19970608_Bundesrat.pdf,1997.06.08,0.0,0.0
19290512_Amtsblatt.pdf,1929.05.12,0.013949307397583242,0.016799292661361626
19920927_Zeitung.pdf,1992.09.27,0.019818181818181818,0.019151515151515152
19910901_Zeitung.pdf,1991.09.01,0.08169444444444449,0.021388888888888888
19891126_Volksabstimmung.pdf,1989.11.26,-0.2955102040816326,0.0
19600214_Volksabstimmung.pdf,1960.02.14,0.019494478951000708,0.031090407177363697
20161127_Zeitung.pdf,2016.11.27,0.1755974842767297,0.025786163522012576
19840226_Volksabstimmung.pdf,1984.02.26,0.0,0.0
20180304_Zeitung.pdf,2018.03.04,0.13638676844783712,0.0025445292620865138
19750302_Volksabstimmung.pdf,1975.03.02,0.04437844352617083,0.024600550964187326
18990226_Amtsblatt.pdf,1899.02.26,0.011165587918015103,0.007130528586839267
19470518_Volksabstimmung.pdf,1947.05.18,0.038170498084291175,0.009339080459770116
18690418_Volksabstimmung.pdf,1869.04.18,0.0125,0.0
19260606_Amtsblatt.pdf,1926.06.06,0.0514632733714909,0.015998909784682474
19771204_Volksabstimmung.pdf,1977.12.04,0.051170298627925735,0.03242534301856336
19920517_Bundesrat.pdf,1992.05.17,0.0,0.0
19451014_Volksabstimmung.pdf,1945.10.14,0.041539065567334124,0.00922654102866117
19511202_Volksabstimmung.pdf,1951.12.02,0.0,0.0
19011215_Volksabstimmung.pdf,1901.12.15,0.0,0.0
19600403_Volksabstimmung.pdf,1960.04.03,0.026162393162393164,0.014256410256410256
20030518_Zeitung.pdf,2003.05.18,-0.006237745098039206,0.03566176470588235
19080315_Volksabstimmung.pdf,1908.03.15,0.06904938271604938,0.02623456790123457
19540620_Volksabstimmung.pdf,1954.06.20,0.009523809523809521,0.006349206349206349
20170521_Zeitung.pdf,2017.05.21,0.15676213206046152,0.0658313444709626
20150614_Zeitung.pdf,2015.06.14,0.0392485119047619,0.016815476190476193
19610625_Volksabstimmung.pdf,1961.06.25,0.025265723270440257,0.015471698113207547
19480314_Volksabstimmung.pdf,1948.03.14,0.024614643545279376,0.014629782548857693
19980607_Bundesrat.pdf,1998.06.07,0.0,0.0
19700201_Volksabstimmung.pdf,1970.02.01,0.14047619047619045,0.008928571428571428
20100613_Zeitung.pdf,2010.06.13,0.1791666666666666,0.05666666666666667
19741208_Volksabstimmung.pdf,1974.12.08,0.02585260972716488,0.014086595492289442
19220219_Amtsblatt.pdf,1922.02.19,0.015353817504655488,0.00988826815642458
20141130_Bundesrat.pdf,2014.11.30,0.022878323108384453,0.06947852760736196
19831204_Zeitung.pdf,1983.12.04,0.04047055730809673,0.011514195583596214
19820606_Volksabstimmung.pdf,1982.06.06,0.04399053438773066,0.016127486220944166
19490522_Volksabstimmung.pdf,1949.05.22,0.028744131455399065,0.015743348982785604
19881204_Bundesrat.pdf,1988.12.04,0.04628851540616246,0.04369747899159664
19650228_Volksabstimmung.pdf,1965.02.28,0.00890468227424749,0.004180602006688963
18991029_Amtsblatt.pdf,1899.10.29,0.00986013986013986,0.0027272727272727275
19240217_Amtsblatt.pdf,1924.02.17,-0.009627659574468086,0.004964539007092199
19480912_Volksabstimmung.pdf,1948.09.12,0.00944527736131934,0.004897551224387806
19840226_Bundesrat.pdf,1984.02.26,0.0358058608058608,0.030677655677655676
19040515_Volksabstimmung.pdf,1904.05.15,0.07815581854043391,0.009368836291913214
19630922_Volksabstimmung.pdf,1963.09.22,0.030991379310344874,0.013316912972085388
19750907_Volksabstimmung.pdf,1975.09.07,0.04121969033011981,0.016790826760151915
19030830_Volksabstimmung.pdf,1903.08.30,0.0432788296041308,0.031353987378083766
19360426_Volksabstimmung.pdf,1936.04.26,0.0092175572519084,0.012086513994910942
18700424_Volksabstimmung.pdf,1870.04.24,0.01282051282051282,0.038461538461538464
20140518_Bundesrat.pdf,2014.05.18,0.14952327327327336,0.05975975975975976
19381127_Volksabstimmung.pdf,1938.11.27,0.04096746150024838,0.02136115250869349
19590927_Volksabstimmung.pdf,1959.09.27,0.009392419175027868,0.008361204013377926
19500507_Volksabstimmung.pdf,1950.05.07,0.02271870286576168,0.01466817496229261
19861207_Volksabstimmung.pdf,1986.12.07,0.022283609576427256,0.0036832412523020255
19080426_Volksabstimmung.pdf,1908.04.26,0.037347294938917974,0.006020942408376963
19161210_Amtsblatt.pdf,1916.12.10,-0.00492091388400703,0.022847100175746926
19910303_Bundesrat.pdf,1991.03.03,0.0,0.0
19641206_Volksabstimmung.pdf,1964.12.06,0.010559440559440556,0.0060606060606060615
19810405_Bundesrat.pdf,1981.04.05,0.13369963369963367,0.06501831501831501
20081130_Bundesrat.pdf,2008.11.30,0.03873870481927707,0.04678714859437751
19221203_Amtsblatt.pdf,1922.12.03,0.02960090984284532,0.011352357320099257
19941204_Bundesrat.pdf,1994.12.04,0.0,0.0
18780630_Volksabstimmung.pdf,1878.06.30,0.07287503964478277,0.0033777354900095145
18961025_Volksabstimmung.pdf,1896.10.25,0.05786163522012578,0.017924528301886792
19870621_Volksabstimmung.pdf,1987.06.21,-0.02656619385342791,0.0035460992907801418
19421122_Volksabstimmung.pdf,1942.11.22,0.00761227853316852,0.009270704573547589
19110402_Volksabstimmung.pdf,1911.04.02,0.061296296296296286,0.008333333333333333
19290303_Volksabstimmung.pdf,1929.03.03,0.10223577235772359,0.03455284552845528
20141130_Zeitung.pdf,2014.11.30,0.12312322946175637,0.06746931067044382
19841202_Zeitung.pdf,1984.12.02,0.08504987531172069,0.028761429758935992
20140518_Zeitung.pdf,2014.05.18,0.12342105263157889,0.0256140350877193
19281202_Amtsblatt.pdf,1928.12.02,0.0426919032597266,0.023501577287066245
19900610_Zeitung.pdf,1990.06.10,0.14533755274261617,0.015274261603375527
19650516_Volksabstimmung.pdf,1965.05.16,0.028458498023715414,0.015019762845849802
20041128_Bundesrat.pdf,2004.11.28,0.05891282813273898,0.02105002476473502
18881209_Amtsblatt.pdf,1888.12.09,0.018850105772136597,0.010985191900876396
18940812_Amtsblatt.pdf,1894.08.12,0.03532964100553305,0.01969677166383479
20180923_Zeitung.pdf,2018.09.23,0.10752923976608186,0.05004873294346979
19770925_Volksabstimmung.pdf,1977.09.25,-0.0005776340110905828,0.016266173752310535
18870904_Amtsblatt.pdf,1887.09.04,0.004724178403755869,0.006690140845070422
19510923_Volksabstimmung.pdf,1951.09.23,-0.00380161127895267,0.0075528700906344415
19290929_Amtsblatt.pdf,1929.09.29,0.0016419035314384157,0.021791559000861327
18991029_Volksabstimmung.pdf,1899.10.29,0.09094736842105264,0.016421052631578947
19941204_Zeitung.pdf,1994.12.04,0.019343065693430653,0.014598540145985401
19981129_Bundesrat.pdf,1998.11.29,0.05162280701754382,0.03414786967418546
18761210_Amtsblatt.pdf,1876.12.10,0.007922769640479357,0.0013315579227696406
18981113_Amtsblatt.pdf,1898.11.13,0.019164814814814808,0.003259259259259259
19640412_Volksabstimmung.pdf,1964.04.12,0.037723004694835735,0.011430119176598051
19660911_Volksabstimmung.pdf,1966.09.11,0.03018821198613177,0.020851906884596337
19600529_Volksabstimmung.pdf,1960.05.29,0.025212479270315072,0.018718905472636816
19780924_Volksabstimmung.pdf,1978.09.24,0.06999249249249256,0.015482148815482146
19480711_Volksabstimmung.pdf,1948.07.11,0.02425661611656259,0.01608682723758549
19970928_Bundesrat.pdf,1997.09.28,0.0,0.0
19870621_Zeitung.pdf,1987.06.21,0.03157669237360752,0.03933161953727506
19720305_Volksabstimmung.pdf,1972.03.05,0.017760942760942765,0.0872053872053872
18910705_Amtsblatt.pdf,1891.07.05,0.021005747126436772,0.017420689655172412
18890505_Volksabstimmung.pdf,1889.05.05,0.02250000000000001,0.00625
20050925_Bundesrat.pdf,2005.09.25,0.04960462287104623,0.046228710462287104
18780630_Amtsblatt.pdf,1878.06.30,0.04844900105152474,0.0028706624605678234
19870405_Bundesrat.pdf,1987.04.05,0.061073369565217375,0.034465579710144925
19280520_Volksabstimmung.pdf,1928.05.20,0.1023514602215509,0.027542799597180263
19061209_Volksabstimmung.pdf,1906.12.09,0.10075075075075074,0.009009009009009009
19660424_Volksabstimmung.pdf,1966.04.24,-0.01676282051282051,0.007532051282051282
19111217_Volksabstimmung.pdf,1911.12.17,0.04805737109658678,0.031009440813362384
19640927_Volksabstimmung.pdf,1964.09.27,0.003739892183288409,0.011979634621144054
19041127_Amtsblatt.pdf,1904.11.27,0.008536632144227084,0.008822401227464518
19140628_Amtsblatt.pdf,1914.06.28,0.010578386605783864,0.016463723997970577
20010923_Zeitung.pdf,2001.09.23,0.13825356842989092,0.024937027707808566
19950625_Zeitung.pdf,1995.06.25,0.07765342960288814,0.05694945848375452
19270213_Volksabstimmung.pdf,1927.02.13,0.13849605522682443,0.024654832347140037
20031130_Zeitung.pdf,2003.11.30,0.1480681419037583,0.04165788549350193
19880925_Zeitung.pdf,1988.09.25,0.1399358974358975,0.04512820512820513
18951103_Volksabstimmung.pdf,1895.11.03,0.09308035714285709,0.03958333333333333
20020602_Bundesrat.pdf,2002.06.02,0.02593457943925233,0.02850467289719626
19780528_Bundesrat.pdf,1978.05.28,0.04714788732394364,0.019014084507042252
19580706_Volksabstimmung.pdf,1958.07.06,0.0311060606060606,0.016767676767676768
19111217_Amtsblatt.pdf,1911.12.17,0.03164945919370698,0.022468043264503443
19140906_Amtsblatt.pdf,1914.09.06,0.05461904761904762,0.024761904761904766
18730518_Volksabstimmung.pdf,1873.05.18,0.011693121693121694,0.000529100529100529
19890924_Volksabstimmung.pdf,1989.09.24,-0.19791666666666666,0.0
20100926_Zeitung.pdf,2010.09.26,0.05294871794871794,0.057948717948717955
19450603_Volksabstimmung.pdf,1945.06.03,0.02488632388947184,0.004197271773347324
19260912_Volksabstimmung.pdf,1926.09.12,0.02999539594843463,0.0285451197053407
19410525_Volksabstimmung.pdf,1941.05.25,0.012639470013947,0.0028591352859135286
19730923_Volksabstimmung.pdf,1973.09.23,0.03056818181818182,0.025
19340128_Volksabstimmung.pdf,1934.01.28,0.01199687377881985,0.01324736225087925
18940812_Volksabstimmung.pdf,1894.08.12,0.08051650585187171,0.0403913160010721
19780924_Bundesrat.pdf,1978.09.24,0.15219780219780218,0.005494505494505495
19091212_Volksabstimmung.pdf,1909.12.12,0.05072855271774722,0.03195808775376555
20131124_Bundesrat.pdf,2013.11.24,0.09157870370370366,0.034722222222222224
19250524_Amtsblatt.pdf,1925.05.24,0.011266571969696972,0.01006155303030303
19060422_Amtsblatt.pdf,1906.04.22,0.009522058823529411,0.013153594771241832
18491118_Volksabstimmung.pdf,1849.11.18,0.002364066193853428,0.0
20020303_Bundesrat.pdf,2002.03.03,0.10935856992639324,0.08222923238696109
20130303_Zeitung.pdf,2013.03.03,0.11279677113010456,0.04301994301994302
18951222_Volksabstimmung.pdf,1895.12.22,0.03835200746965451,0.03177871148459383
19140906_Volksabstimmung.pdf,1914.09.06,0.05461904761904762,0.024761904761904766
19451125_Volksabstimmung.pdf,1945.11.25,0.02410652920962198,0.016013745704467355
19300914_Amtsblatt.pdf,1930.09.14,0.0252923976608187,0.007177033492822967
20120311_Bundesrat.pdf,2012.03.11,0.0767295032914423,0.052304009575104726
18910705_Volksabstimmung.pdf,1891.07.05,0.03643772893772892,0.027758241758241757
19320221_Volksabstimmung.pdf,1932.02.21,0.011503887269193392,0.019727891156462587
19870906_Volksabstimmung.pdf,1987.09.06,-0.007568807339449543,0.0045871559633027525
19330528_Volksabstimmung.pdf,1933.05.28,0.023062310030395137,0.005648429584599797
19851201_Zeitung.pdf,1985.12.01,0.05548406862745098,0.029983660130718952
19811129_Bundesrat.pdf,1981.11.29,0.01673640167364016,0.020223152022315206
20020922_Zeitung.pdf,2002.09.22,0.03244047619047618,0.06785714285714287
19610305_Volksabstimmung.pdf,1961.03.05,-0.00848214285714286,0.00734126984126984
19840923_Bundesrat.pdf,1984.09.23,0.03126190476190476,0.09492063492063492
19100101_Volksabstimmung.pdf,1910.01.01,0.0,0.0
19521005_Volksabstimmung.pdf,1952.10.05,0.022621722846441965,0.014194756554307115
19700607_Volksabstimmung.pdf,1970.06.07,0.08296070460704603,0.003387533875338753
19190928_Volksabstimmung.pdf,1919.09.28,0.05906673114119922,0.01644100580270793
20110213_Zeitung.pdf,2011.02.13,0.1159203980099502,0.05087064676616916
19440910_Volksabstimmung.pdf,1944.09.10,0.036588800530152406,0.01759443339960239
18781027_Volksabstimmung.pdf,1878.10.27,0.08494513031550065,0.007407407407407408
19270213_Amtsblatt.pdf,1927.02.13,0.04848332775733242,0.010014497602319617
18731214_Amtsblatt.pdf,1873.12.14,0.007109010748912426,0.0062308577671134
19570623_Volksabstimmung.pdf,1957.06.23,0.01755740600555144,0.015291445874337622
19371128_Volksabstimmung.pdf,1937.11.28,0.03151858304297328,0.004761904761904763
20170521_Bundesrat.pdf,2017.05.21,0.07686748053786274,0.019072894550601554
19950625_Bundesrat.pdf,1995.06.25,0.0,0.0
18781027_Amtsblatt.pdf,1878.10.27,0.027369308600337264,0.006408094435075885
19070512_Amtsblatt.pdf,1907.05.12,0.013851010101010112,0.026585297418630752
19630526_Volksabstimmung.pdf,1963.05.26,0.062247799593771184,0.013360415256149854
19860316_Bundesrat.pdf,1986.03.16,0.07502272727272724,0.03212121212121213
19980927_Bundesrat.pdf,1998.09.27,0.03010879025239338,0.05108790252393385
19960310_Bundesrat.pdf,1996.03.10,0.0,0.0
18831202_Amtsblatt.pdf,1883.12.02,-0.00021577380952380855,0.0037202380952380955
19590524_Volksabstimmung.pdf,1959.05.24,0.034855257556407,0.003952036327515254
19140628_Volksabstimmung.pdf,1914.06.28,0.01928020565552699,0.030377035132819204
19871206_Zeitung.pdf,1987.12.06,0.03835845896147404,0.020100502512562814
19840520_Zeitung.pdf,1984.05.20,0.07748842592592593,0.034722222222222224
19820926_Volksabstimmung.pdf,1982.09.26,-0.06441638608305275,0.012345679012345678
19281202_Volksabstimmung.pdf,1928.12.02,0.0017902813299232735,0.0
19300406_Amtsblatt.pdf,1930.04.06,0.020817727840199748,0.003121098626716604
20010610_Zeitung.pdf,2001.06.10,0.1154684095860566,0.038126361655773426
19201212_Volksabstimmung.pdf,1920.12.12,0.07639860139860138,0.018648018648018648
19830904_Volksabstimmung.pdf,1983.09.04,0.00924036281179138,0.04331065759637188
19231125_Volksabstimmung.pdf,1923.11.25,0.13592592592592592,0.013333333333333334
19011215_Amtsblatt.pdf,1901.12.15,-0.0064516129032258064,0.0
18861017_Amtsblatt.pdf,1886.10.17,0.0037933526011560705,0.003901734104046243
19940925_Bundesrat.pdf,1994.09.25,0.0,0.0
19210904_Volksabstimmung.pdf,1921.09.04,-0.05460227272727275,0.03454545454545454
19911208_Volksabstimmung.pdf,1991.12.08,0.0364741641337386,0.008358662613981762
19991128_Zeitung.pdf,1999.11.28,0.0876628352490421,0.04621647509578545
20080224_Zeitung.pdf,2008.02.24,-0.016928629642566077,0.019559902200488997
19821128_Volksabstimmung.pdf,1982.11.28,0.05147368421052629,0.022456140350877195
20091129_Bundesrat.pdf,2009.11.29,0.05799999999999997,0.029333333333333333
19880306_Volksabstimmung.pdf,1988.03.06,0.01402877697841727,0.006474820143884892
20030209_Bundesrat.pdf,2003.02.09,0.09498050682261207,0.04015594541910332
18710108_Amtsblatt.pdf,1871.01.08,-0.00305980528511822,0.0
19710314_Volksabstimmung.pdf,1971.03.14,0.07367931547619051,0.02708333333333333
19930606_Bundesrat.pdf,1993.06.06,0.0,0.0
19950924_Zeitung.pdf,1995.09.24,0.14050258684405037,0.018107908351810795
18720414_Amtsblatt.pdf,1872.04.14,0.0,0.05084745762711865
18830527_Volksabstimmung.pdf,1883.05.27,-0.05,0.0
19150606_Amtsblatt.pdf,1915.06.06,0.0024456521739130437,0.001358695652173913
19640202_Volksabstimmung.pdf,1964.02.02,0.02270971302428255,0.006070640176600441
18980703_Amtsblatt.pdf,1898.07.03,0.03449808795411094,0.018275971956660295
19350505_Volksabstimmung.pdf,1935.05.05,0.014400584795321629,0.012670565302144249
20180610_Zeitung.pdf,2018.06.10,0.006534508076358297,0.04023494860499265
19790902_Volksabstimmung.pdf,1979.09.02,0.04753533690133122,0.020543433511733225
19850922_Zeitung.pdf,1985.09.22,0.05133647798742137,0.02122641509433962
19850609_Bundesrat.pdf,1985.06.09,0.14232954545454543,0.050662878787878785
19310705_Volksabstimmung.pdf,1931.07.05,0.016597796143250684,0.013636363636363637
19900923_Zeitung.pdf,1990.09.23,0.08920615128844557,0.036118038237738986
19871206_Bundesrat.pdf,1987.12.06,0.029692479286169533,0.012906309751434034
19671203_Volksabstimmung.pdf,1967.12.03,0.046251192644635286,0.030436291092028795
18700220_Volksabstimmung.pdf,1870.02.20,0.0,0.0
18880715_Amtsblatt.pdf,1888.07.15,0.016521857923497262,0.013142076502732242
19690914_Volksabstimmung.pdf,1969.09.14,0.020515695067264566,0.020198056801195817
20130922_Zeitung.pdf,2013.09.22,0.15007575757575756,0.1433712121212121
19440702_Volksabstimmung.pdf,1944.07.02,0.008340820604971544,0.016966157532195266
18800613_Volksabstimmung.pdf,1880.06.13,0.011039397240377625,0.040522875816993466
19300406_Volksabstimmung.pdf,1930.04.06,0.09788732394366197,0.0
20061126_Bundesrat.pdf,2006.11.26,0.11180952380952391,0.02473015873015873
19930307_Bundesrat.pdf,1993.03.07,0.0,0.0
20120617_Zeitung.pdf,2012.06.17,0.13316272189349126,0.04226824457593688
18831202_Volksabstimmung.pdf,1883.12.02,0.01076666666666667,0.005833333333333334
19420125_Volksabstimmung.pdf,1942.01.25,0.018631796690307324,0.00975177304964539
20090927_Bundesrat.pdf,2009.09.27,0.0893181818181818,0.043560606060606064
19810405_Volksabstimmung.pdf,1981.04.05,0.03101145303422016,0.01912823506518778
19581026_Volksabstimmung.pdf,1958.10.26,0.004668769716088332,0.0028391167192429023
19851201_Volksabstimmung.pdf,1985.12.01,0.0,0.0
19780528_Volksabstimmung.pdf,1978.05.28,0.014159779614325074,0.030303030303030307
19120929_Volksabstimmung.pdf,1912.09.29,0.06547517730496452,0.055957446808510634
19070512_Volksabstimmung.pdf,1907.05.12,0.028483097988874623,0.04092854086435601
19800427_Volksabstimmung.pdf,1980.04.27,0.0030730005367686584,0.02249060654857756
18820521_Amtsblatt.pdf,1882.05.21,0.032320487483530974,0.007658102766798419
19621104_Volksabstimmung.pdf,1962.11.04,0.020268138801261847,0.013123028391167193
19970302_Zeitung.pdf,1997.03.02,0.05570987654320986,0.018518518518518517
19530913_Volksabstimmung.pdf,1953.09.13,0.02872508113120073,0.008623087621696801
20160925_Zeitung.pdf,2016.09.25,0.24401041666666656,0.022569444444444444
20161127_Bundesrat.pdf,2016.11.27,0.07041666666666666,0.10833333333333334
20120617_Bundesrat.pdf,2012.06.17,0.14607178607178614,0.043278993278993275
20150308_Bundesrat.pdf,2015.03.08,0.0734554597701149,0.04153735632183908
19010602_Volksabstimmung.pdf,1901.06.02,0.1294605009633911,0.041425818882466284
20121125_Zeitung.pdf,2012.11.25,0.16720272904483444,0.04405458089668616
19240831_Amtsblatt.pdf,1924.08.31,-0.008818607764390895,0.008032128514056224
19110924_Volksabstimmung.pdf,1911.09.24,0.057777149321267,0.022285067873303168
19460324_Volksabstimmung.pdf,1946.03.24,0.04758009543285619,0.00978186775732788
18950519_Volksabstimmung.pdf,1895.05.19,0.06469760900140648,0.0510548523206751
19430516_Volksabstimmung.pdf,1943.05.16,0.02307337610264635,0.018791766907244052
18990226_Volksabstimmung.pdf,1899.02.26,0.025525308025308027,0.011005661005661006
19990613_Zeitung.pdf,1999.06.13,0.1152241962774959,0.03536379018612522
20160228_Zeitung.pdf,2016.02.28,0.07078239608801955,0.04295028524857376
19830227_Volksabstimmung.pdf,1983.02.27,-0.023107569721115537,0.0
19860608_Volksabstimmung.pdf,1986.06.08,0.011024978466838961,0.007751937984496124
18990820_Volksabstimmung.pdf,1899.08.20,-0.009021035598705502,0.009708737864077669
18920508_Volksabstimmung.pdf,1892.05.08,0.03633333333333333,0.0
18780519_Volksabstimmung.pdf,1878.05.19,0.08948087431693989,0.004215456674473068
19990418_Bundesrat.pdf,1999.04.18,0.20031249999999992,0.03515625
